,customer_id,first_name,last_name,gender,age,signup_date,region,age_group
0,C0000,Patrick,Morgan,Male,18,2025-11-07,South,0-18
1,C0001,Eric,Lee,Other,36,2023-11-11,East,36-45
2,C0002,Thomas,Pena,Female,44,2022-07-03,East,36-45
3,C0003,Dalton,Duran,Male,24,2023-11-11,South,19-25
4,C0004,Travis,Mcclain,Male,50,2023-11-11,South,46-60
5,C0005,Brian,Kelley,Male,68,2023-11-11,North,60+
6,C0006,Alyssa,Sandoval,Female,47,2025-08-02,North,46-60
7,C0007,Theresa,Wright,Male,70,2023-08-12,South,60+
8,C0008,Alyssa,Estrada,Male,48,2023-11-11,East,46-60
9,C0009,Karen,Clark,Female,62,2023-11-11,East,60+
10,C0010,Christina,Scott,Male,70,2022-04-06,West,60+
11,C0011,John,Franklin,Other,51,2023-11-11,East,46-60
12,C0012,Jerome,Jones,Male,63,2021-06-06,East,60+
13,C0013,Richard,Barnes,Male,65,2023-11-11,North,60+
14,C0014,Anna,Bennett,Male,26,2023-11-11,South,26-35
15,C0015,Anne,Greer,Other,32,2023-11-11,East,26-35
16,C0016,Sabrina,Carey,Male,31,2023-11-11,South,26-35
17,C0017,Crystal,Adkins,Male,45,2023-11-11,North,36-45
18,C0018,Amanda,Riley,Male,19,2023-11-11,West,19-25
19,C0019,Jose,Arellano,Female,20,2023-11-11,South,19-25
20,C0020,Michelle,Adkins,Male,20,2023-11-11,North,19-25
21,C0021,Courtney,Roth,Female,25,2023-11-11,East,19-25
22,C0022,John,Le,Male,22,2023-11-11,East,19-25
23,C0023,Patricia,Stephens,Other,44,2023-11-11,North,36-45
24,C0024,Amber,Higgins,Male,56,2023-11-11,South,46-60
25,C0025,Sharon,Montes,Other,30,2023-11-11,South,26-35
26,C0026,Vincent,Henry,Other,40,2023-11-11,North,36-45
27,C0027,Ray,Ross,Male,27,2023-11-11,East,26-35
28,C0028,Kylie,Long,Other,40,2023-11-11,East,36-45
29,C0029,Nancy,Murphy,Male,50,2023-11-11,South,46-60
30,C0030,Craig,Matthews,Other,54,2023-06-05,North,46-60
31,C0031,Melanie,Patterson,Male,70,2023-11-11,North,60+
32,C0032,John,Frazier,Other,31,2022-01-07,South,26-35
33,C0033,Charles,Jones,Female,28,2023-11-11,North,26-35
34,C0034,Shawn,Hall,Other,24,2023-11-11,South,19-25
35,C0035,James,Small,Other,63,2023-11-11,West,60+
36,C0036,Anthony,Williams,Female,44,2023-11-11,South,36-45
37,C0037,John,Silva,Female,61,2025-09-05,North,60+
38,C0038,Jamie,Hopkins,Male,40,2023-11-11,West,36-45
39,C0039,Jonathan,Brown,Female,31,2023-11-11,South,26-35
40,C0040,Jason,Lee,Female,25,2023-11-11,East,19-25
41,C0041,Jonathan,Kennedy,Male,47,2023-11-11,North,46-60
42,C0042,Sherry,Torres,Other,26,2023-11-11,West,26-35
43,C0043,Kevin,Chavez,Female,63,2023-11-11,East,60+
44,C0044,Bryan,Pollard,Other,64,2023-11-11,North,60+
45,C0045,Allison,Pratt,Male,38,2023-11-11,West,36-45
46,C0046,Edward,Green,Male,42,2022-04-07,East,36-45
47,C0047,Michael,Brewer,Female,56,2025-12-11,East,46-60
48,C0048,Gregory,Ward,Other,46,2025-06-09,South,46-60
49,C0049,Robert,Manning,Other,44,2025-09-07,East,36-45
50,C0050,Robert,Wilcox,Female,30,2023-11-04,North,26-35
51,C0051,Kathy,Porter,Female,61,2023-11-11,East,60+
52,C0052,Megan,Peterson,Male,18,2023-11-11,West,0-18
53,C0053,Matthew,Watson,Other,24,2023-11-11,West,19-25
54,C0054,Jorge,Jenkins,Female,51,2023-11-11,North,46-60
55,C0055,Carlos,Strickland,Male,44,2023-11-11,West,36-45
56,C0056,Dawn,Guzman,Female,62,2023-11-11,North,60+
57,C0057,Jennifer,Medina,Other,28,2023-11-11,North,26-35
58,C0058,Taylor,Patterson,Female,30,2025-07-10,East,26-35
59,C0059,Alison,Berger,Male,56,2023-11-11,West,46-60
60,C0060,Todd,Boyd,Male,32,2023-06-09,West,26-35
61,C0061,Molly,Johnson,Other,49,2023-11-11,East,46-60
62,C0062,Debbie,Shaw,Other,67,2023-11-11,East,60+
63,C0063,Barbara,Barnes,Other,43,2024-10-11,East,36-45
64,C0064,Bryan,Jones,Female,60,2022-12-11,West,46-60
65,C0065,Jessica,Lopez,Female,50,2023-11-11,East,46-60
66,C0066,Daniel,Whitaker,Male,67,2023-11-11,West,60+
67,C0067,William,Singleton,Male,25,2023-11-11,East,19-25
68,C0068,Debra,Powell,Female,49,2023-11-11,South,46-60
69,C0069,Kelli,Santana,Other,26,2023-11-11,North,26-35
70,C0070,Michelle,Mitchell,Male,65,2025-06-08,North,60+
71,C0071,William,Williams,Male,49,2023-11-11,North,46-60
72,C0072,Michele,Walter,Male,42,2022-05-11,East,36-45
73,C0073,Virginia,Molina,Male,37,2023-11-11,North,36-45
74,C0074,Sierra,Santiago,Male,60,2023-11-11,West,46-60
75,C0075,Brian,Parker,Female,30,2023-10-11,East,26-35
76,C0076,Craig,Martinez,Other,49,2025-06-02,West,46-60
77,C0077,Donald,Mcdonald,Other,34,2023-11-11,East,26-35
78,C0078,Christine,Thompson,Other,52,2023-11-11,North,46-60
79,C0079,James,Rodriguez,Male,45,2023-11-11,North,36-45
80,C0080,Jill,Middleton,Female,46,2023-11-11,East,46-60
81,C0081,Brian,Martin,Female,46,2023-11-11,West,46-60
82,C0082,Christopher,Escobar,Male,20,2023-11-04,South,19-25
83,C0083,Nicole,Kelly,Other,60,2023-11-11,East,46-60
84,C0084,Charles,Wallace,Other,28,2023-11-11,West,26-35
85,C0085,Cindy,Rios,Female,26,2023-11-11,East,26-35
86,C0086,Isaac,Ferrell,Other,42,2023-09-07,West,36-45
87,C0087,David,Fleming,Male,54,2023-11-11,West,46-60
88,C0088,Angelica,Brown,Other,53,2023-11-11,West,46-60
89,C0089,Mary,Barton,Female,53,2025-12-02,South,46-60
90,C0090,Jacob,Spencer,Other,21,2023-11-11,West,19-25
91,C0091,Jamie,Chen,Female,49,2023-11-11,West,46-60
92,C0092,Beth,Flores,Other,61,2023-11-11,East,60+
93,C0093,Arthur,Smith,Female,38,2024-01-10,North,36-45
94,C0094,Rebecca,Blankenship,Male,44,2023-11-11,North,36-45
95,C0095,Miguel,Anderson,Male,41,2023-05-08,East,36-45
96,C0096,Kathryn,Wright,Other,55,2021-05-11,North,46-60
97,C0097,Christopher,Ballard,Other,39,2022-07-06,West,36-45
98,C0098,Rachel,King,Male,45,2025-08-04,East,36-45
99,C0099,Toni,Garcia,Female,44,2023-11-11,East,36-45
100,C0100,Courtney,Banks,Male,60,2023-11-11,South,46-60
101,C0101,Harold,Anderson,Male,33,2025-09-02,East,26-35
102,C0102,Krista,Chung,Other,23,2023-11-11,North,19-25
103,C0103,Oscar,Carr,Female,25,2022-12-03,East,19-25
104,C0104,Mark,Carter,Male,19,2022-12-02,East,19-25
105,C0105,Kim,Stone,Male,47,2021-03-08,West,46-60
106,C0106,Caitlin,Castillo,Other,50,2021-02-11,West,46-60
107,C0107,Rachel,Reynolds,Female,19,2025-09-06,West,19-25
108,C0108,Amanda,Fitzgerald,Other,19,2023-06-06,East,19-25
109,C0109,Tina,Holder,Female,54,2023-11-11,West,46-60
110,C0110,Natasha,Ellison,Female,54,2023-11-11,North,46-60
111,C0111,Kimberly,Curtis,Female,24,2023-11-11,South,19-25
112,C0112,Zachary,Sanchez,Female,49,2025-01-03,East,46-60
113,C0113,Lauren,Conley,Male,57,2023-11-11,East,46-60
114,C0114,Heather,Adams,Female,45,2023-11-11,South,36-45
115,C0115,Shelby,Dougherty,Female,58,2023-11-11,North,46-60
116,C0116,Candice,Ingram,Other,31,2023-11-11,East,26-35
117,C0117,William,Williams,Female,21,2023-01-11,East,19-25
118,C0118,Shawn,Mccormick,Other,43,2021-03-07,South,36-45
119,C0119,Jody,Scott,Other,65,2025-02-11,North,60+
120,C0120,David,Chan,Other,55,2023-11-11,North,46-60
121,C0121,Kayla,Burke,Other,39,2025-02-01,East,36-45
122,C0122,Brandi,Mueller,Male,44,2023-11-11,West,36-45
123,C0123,Mary,Lee,Female,31,2023-11-11,East,26-35
124,C0124,Bobby,Higgins,Male,59,2022-03-09,East,46-60
125,C0125,Ashley,Obrien,Other,69,2023-11-11,East,60+
126,C0126,Calvin,Reyes,Female,60,2022-09-06,East,46-60
127,C0127,Andrew,Price,Male,44,2022-10-06,West,36-45
128,C0128,Martin,Wilson,Female,57,2021-07-06,West,46-60
129,C0129,James,Rodriguez,Other,66,2023-11-11,South,60+
130,C0130,Sarah,Cruz,Male,58,2023-11-11,South,46-60
131,C0131,Kathleen,Sutton,Other,49,2024-02-02,South,46-60
132,C0132,William,Moore,Other,70,2025-09-01,West,60+
133,C0133,Phillip,White,Female,58,2024-02-10,West,46-60
134,C0134,Elizabeth,Brooks,Other,64,2023-11-11,North,60+
135,C0135,Hector,Clarke,Other,30,2025-04-04,East,26-35
136,C0136,Thomas,Simmons,Female,27,2023-11-11,South,26-35
137,C0137,Willie,Gonzalez,Male,65,2023-11-11,East,60+
138,C0138,April,Mann,Female,44,2023-11-11,East,36-45
139,C0139,Larry,Johnson,Male,58,2023-11-11,South,46-60
140,C0140,Amanda,Hicks,Female,35,2023-11-11,East,26-35
141,C0141,Jean,Joseph,Other,28,2023-11-11,East,26-35
142,C0142,William,Anthony,Other,56,2023-01-08,South,46-60
143,C0143,Collin,Lutz,Female,33,2023-11-11,North,26-35
144,C0144,Alicia,Baker,Male,30,2023-11-11,North,26-35
145,C0145,Richard,Murphy,Male,69,2023-11-11,East,60+
146,C0146,Karen,Becker,Female,49,2022-12-11,West,46-60
147,C0147,Melissa,Suarez,Female,59,2023-11-11,North,46-60
148,C0148,Philip,Castillo,Male,28,2022-09-01,East,26-35
149,C0149,Susan,Bailey,Male,19,2023-11-11,East,19-25
150,C0150,Jeremy,Jones,Female,60,2023-11-11,South,46-60
151,C0151,Christopher,Brown,Other,20,2023-11-11,West,19-25
152,C0152,David,Huerta,Male,21,2023-11-11,North,19-25
153,C0153,Teresa,Cochran,Female,56,2023-11-11,East,46-60
154,C0154,Joshua,Rice,Male,44,2023-11-11,East,36-45
155,C0155,Jennifer,Clark,Other,60,2023-02-01,North,46-60
156,C0156,Zachary,Johnson,Female,44,2023-11-11,South,36-45
157,C0157,Jeremy,Snyder,Male,25,2025-05-09,North,19-25
158,C0158,Charles,Mcdonald,Other,60,2023-11-11,East,46-60
159,C0159,Chad,Chen,Female,23,2022-01-11,South,19-25
160,C0160,Perry,Rice,Other,25,2023-11-11,East,19-25
161,C0161,Max,Jenkins,Female,55,2023-11-11,West,46-60
162,C0162,Barbara,Young,Other,65,2023-11-11,South,60+
163,C0163,Shannon,Garner,Female,31,2023-04-02,South,26-35
164,C0164,Debra,Dorsey,Male,29,2023-11-11,South,26-35
165,C0165,Jerry,Alexander,Female,46,2023-11-11,West,46-60
166,C0166,Christopher,Herrera,Female,55,2021-12-08,North,46-60
167,C0167,Matthew,Anthony,Female,52,2023-11-11,East,46-60
168,C0168,Gabriel,Jenkins,Other,25,2023-11-11,East,19-25
169,C0169,Billy,Watts,Other,45,2022-07-12,West,36-45
170,C0170,Lisa,Brown,Other,33,2023-11-11,East,26-35
171,C0171,Doris,Collins,Male,41,2025-03-01,West,36-45
172,C0172,Ashley,Phillips,Other,41,2023-11-11,East,36-45
173,C0173,Nicole,Black,Male,59,2023-11-11,North,46-60
174,C0174,James,French,Other,60,2023-11-11,North,46-60
175,C0175,Ryan,Charles,Other,68,2023-11-11,South,60+
176,C0176,Bradley,Galvan,Female,53,2023-11-11,West,46-60
177,C0177,Toni,Frye,Female,58,2023-09-01,East,46-60
178,C0178,Adam,Mueller,Other,25,2025-08-06,South,19-25
179,C0179,Carol,Lara,Female,42,2022-03-10,North,36-45
180,C0180,Tammy,Brewer,Female,34,2023-11-11,East,26-35
181,C0181,Nancy,Hickman,Male,70,2023-11-11,South,60+
182,C0182,Thomas,Blake,Female,31,2021-08-08,South,26-35
183,C0183,Carl,Villanueva,Female,58,2023-11-11,East,46-60
184,C0184,Deanna,Flynn,Other,44,2024-04-10,North,36-45
185,C0185,Richard,Morris,Female,23,2023-11-11,West,19-25
186,C0186,Rebecca,Peterson,Female,65,2023-11-11,West,60+
187,C0187,Sean,Macdonald,Female,63,2023-06-06,West,60+
188,C0188,Brandi,Torres,Male,70,2024-12-03,South,60+
189,C0189,Lauren,Liu,Other,34,2023-11-11,North,26-35
190,C0190,Linda,Humphrey,Female,44,2023-11-11,East,36-45
191,C0191,Jerry,Hardy,Female,62,2023-11-11,North,60+
192,C0192,Reginald,Williams,Male,59,2023-11-11,South,46-60
193,C0193,Shelby,Henry,Other,44,2021-06-10,South,36-45
194,C0194,Nancy,Ward,Male,43,2022-12-04,South,36-45
195,C0195,William,Taylor,Other,37,2022-05-02,East,36-45
196,C0196,Holly,Martinez,Other,23,2023-07-04,North,19-25
197,C0197,Tara,Byrd,Male,33,2023-11-11,South,26-35
198,C0198,Kelly,Coleman,Other,61,2021-01-06,West,60+
199,C0199,Michele,Ellis,Female,46,2023-11-11,West,46-60
200,C0200,Anthony,Davis,Other,26,2021-01-09,East,26-35
201,C0201,Daniel,Wheeler,Male,61,2025-05-01,East,60+
202,C0202,Katherine,Lamb,Female,30,2024-12-12,North,26-35
203,C0203,Levi,Bradford,Female,41,2023-11-11,South,36-45
204,C0204,Lance,James,Female,42,2023-11-11,South,36-45
205,C0205,Emily,Jackson,Male,19,2023-11-11,South,19-25
206,C0206,Jason,Peters,Male,47,2024-03-12,South,46-60
207,C0207,Brian,Reyes,Female,62,2023-11-11,South,60+
208,C0208,Samantha,Robinson,Male,43,2023-11-11,West,36-45
209,C0209,Kathy,Winters,Other,34,2022-12-02,South,26-35
210,C0210,Kyle,Dodson,Male,41,2023-11-11,South,36-45
211,C0211,Kristin,Cook,Other,25,2023-11-11,North,19-25
212,C0212,Tyler,Hale,Other,51,2023-11-11,West,46-60
213,C0213,Kimberly,Barton,Female,70,2023-11-11,West,60+
214,C0214,Michelle,Miller,Male,32,2023-11-11,South,26-35
215,C0215,Zachary,Fitzgerald,Male,70,2023-11-11,East,60+
216,C0216,Alexis,Garcia,Female,65,2025-06-05,West,60+
217,C0217,Kim,Vasquez,Female,26,2023-11-11,West,26-35
218,C0218,Jared,Turner,Male,56,2023-11-11,South,46-60
219,C0219,Justin,Young,Female,64,2025-11-12,South,60+
220,C0220,Helen,Brown,Female,29,2023-11-11,West,26-35
221,C0221,Janice,Moore,Male,19,2023-11-11,East,19-25
222,C0222,Melanie,Morales,Female,33,2024-05-07,West,26-35
223,C0223,Edward,Mueller,Male,41,2023-11-11,West,36-45
224,C0224,Laura,James,Male,18,2022-04-02,West,0-18
225,C0225,Lisa,Gray,Male,38,2024-10-09,West,36-45
226,C0226,Robert,Sherman,Other,31,2025-09-09,West,26-35
227,C0227,Megan,Lopez,Other,45,2023-11-11,East,36-45
228,C0228,Jennifer,Rogers,Male,24,2023-11-11,North,19-25
229,C0229,Jorge,Phillips,Male,39,2025-01-03,South,36-45
230,C0230,Mark,Lewis,Female,40,2025-10-08,North,36-45
231,C0231,Richard,Smith,Male,34,2023-11-11,West,26-35
232,C0232,Ronald,Howard,Female,43,2025-03-08,East,36-45
233,C0233,Joseph,Johnson,Male,53,2023-11-11,North,46-60
234,C0234,Ralph,Reid,Other,29,2023-11-11,East,26-35
235,C0235,George,Williams,Male,50,2023-10-04,West,46-60
236,C0236,Allison,Black,Female,47,2023-11-11,South,46-60
237,C0237,Dennis,Dixon,Male,38,2025-09-02,West,36-45
238,C0238,Joseph,Mathis,Male,34,2021-05-11,North,26-35
239,C0239,Laura,Mccann,Female,20,2023-11-06,South,19-25
240,C0240,Shane,Aguirre,Female,35,2023-11-11,East,26-35
241,C0241,Frederick,Fischer,Female,36,2023-11-11,East,36-45
242,C0242,David,Wilson,Other,66,2023-11-11,East,60+
243,C0243,Kathy,Hughes,Other,44,2023-11-11,West,36-45
244,C0244,Scott,Moore,Male,38,2023-11-11,West,36-45
245,C0245,Steve,Hensley,Male,53,2021-11-06,West,46-60
246,C0246,Catherine,Williams,Male,30,2022-02-01,South,26-35
247,C0247,Karl,Watts,Male,32,2023-11-11,South,26-35
248,C0248,Madeline,Maddox,Male,48,2023-11-11,East,46-60
249,C0249,Ricky,Phillips,Male,63,2023-07-07,West,60+
250,C0250,Wayne,Jones,Female,25,2023-11-11,West,19-25
251,C0251,Jeffrey,Ferguson,Male,46,2024-03-12,East,46-60
252,C0252,Joshua,Morrow,Other,53,2023-11-11,West,46-60
253,C0253,Karina,White,Female,49,2024-10-02,North,46-60
254,C0254,Matthew,Wright,Other,27,2023-11-11,North,26-35
255,C0255,James,Hall,Female,23,2025-06-06,South,19-25
256,C0256,John,Jones,Female,29,2023-11-11,South,26-35
257,C0257,Philip,Ramirez,Other,50,2023-11-11,East,46-60
258,C0258,Melinda,Fitzgerald,Other,60,2023-11-11,South,46-60
259,C0259,Sandra,Weeks,Other,18,2023-11-11,South,0-18
260,C0260,Mikayla,Foster,Female,22,2023-11-11,South,19-25
261,C0261,Nathan,Gonzalez,Female,61,2023-11-11,North,60+
262,C0262,John,Combs,Female,19,2023-11-11,East,19-25
263,C0263,Katherine,Bryant,Other,44,2023-11-11,North,36-45
264,C0264,Charles,King,Female,41,2023-04-02,North,36-45
265,C0265,Francisco,Kerr,Female,27,2023-11-11,North,26-35
266,C0266,Andrew,Scott,Male,47,2021-07-12,West,46-60
267,C0267,Timothy,Carroll,Female,58,2024-05-07,East,46-60
268,C0268,John,Gonzales,Other,60,2023-11-11,North,46-60
269,C0269,Debbie,Nguyen,Female,20,2023-11-11,West,19-25
270,C0270,John,Lawson,Female,44,2025-01-09,South,36-45
271,C0271,Christine,Moore,Male,21,2023-11-11,East,19-25
272,C0272,Sharon,Vasquez,Female,69,2023-11-11,North,60+
273,C0273,Connie,Stark,Other,44,2023-11-11,West,36-45
274,C0274,Nancy,Ray,Male,43,2023-11-11,East,36-45
275,C0275,Evan,Ryan,Male,33,2023-11-11,West,26-35
276,C0276,Rachael,Mason,Male,19,2023-11-11,South,19-25
277,C0277,Andrew,Martin,Male,42,2023-11-11,West,36-45
278,C0278,Mary,Ferguson,Female,59,2023-11-11,South,46-60
279,C0279,Phillip,Morse,Male,37,2023-11-11,West,36-45
280,C0280,Adam,Randall,Female,65,2023-11-11,East,60+
281,C0281,April,Krause,Other,56,2023-11-11,South,46-60
282,C0282,Stephen,Vasquez,Female,60,2023-03-05,North,46-60
283,C0283,Jennifer,Ramirez,Female,50,2023-11-11,South,46-60
284,C0284,Stephen,Roberts,Female,44,2024-05-02,West,36-45
285,C0285,Kayla,Thompson,Female,35,2022-10-07,West,26-35
286,C0286,Kara,Stevens,Male,66,2023-11-11,West,60+
287,C0287,Tiffany,Washington,Female,57,2023-11-11,South,46-60
288,C0288,Gregory,Pitts,Female,58,2023-11-11,West,46-60
289,C0289,Kevin,Obrien,Male,44,2023-11-11,East,36-45
290,C0290,Amy,Lee,Female,61,2024-10-09,South,60+
291,C0291,Charlotte,May,Other,61,2023-11-11,South,60+
292,C0292,Sara,Bowman,Female,51,2023-11-11,North,46-60
293,C0293,Willie,Mills,Female,47,2023-11-11,West,46-60
294,C0294,Devin,Tapia,Male,69,2025-10-03,West,60+
295,C0295,Arthur,Perez,Female,27,2023-11-11,South,26-35
296,C0296,Catherine,Martin,Other,37,2025-07-09,South,36-45
297,C0297,Lynn,Baker,Other,45,2023-11-11,East,36-45
298,C0298,Martin,Murphy,Other,21,2022-01-05,North,19-25
299,C0299,Joanna,Knight,Male,50,2023-11-11,North,46-60
300,C0300,Jorge,Gutierrez,Other,45,2023-11-11,West,36-45
301,C0301,Angela,Johnson,Male,47,2024-03-04,East,46-60
302,C0302,Deborah,Nunez,Female,34,2022-02-07,North,26-35
303,C0303,Michelle,Sawyer,Other,19,2023-11-11,North,19-25
304,C0304,Paul,Dudley,Other,60,2025-01-04,West,46-60
305,C0305,Emily,Crawford,Male,68,2024-04-09,South,60+
306,C0306,Nicole,Rivera,Female,20,2024-05-05,North,19-25
307,C0307,Tammy,Smith,Female,63,2023-11-11,East,60+
308,C0308,Sherri,Brown,Female,55,2023-09-07,West,46-60
309,C0309,Susan,Ramirez,Other,46,2023-11-11,East,46-60
310,C0310,David,Allen,Female,44,2022-12-12,South,36-45
311,C0311,Brenda,Stevenson,Male,29,2023-11-11,North,26-35
312,C0312,Tyler,Kim,Other,56,2023-11-11,East,46-60
313,C0313,Susan,Mitchell,Other,24,2023-11-11,West,19-25
314,C0314,Andrea,Anderson,Other,19,2023-11-11,North,19-25
315,C0315,Eileen,Wilson,Female,25,2023-11-11,North,19-25
316,C0316,Kenneth,Clark,Male,59,2023-11-11,West,46-60
317,C0317,Gregory,Johnson,Female,62,2022-09-11,West,60+
318,C0318,Joshua,Romero,Other,65,2025-01-03,West,60+
319,C0319,Glenn,Simon,Female,57,2021-06-12,East,46-60
320,C0320,Anne,Martinez,Other,61,2023-04-03,West,60+
321,C0321,Jerry,Hawkins,Female,23,2023-11-11,South,19-25
322,C0322,Christina,Burgess,Male,18,2023-11-11,South,0-18
323,C0323,Kelly,Jarvis,Male,70,2021-01-09,North,60+
324,C0324,Timothy,Newman,Other,44,2025-08-11,North,36-45
325,C0325,Ariana,Knight,Male,48,2023-11-11,South,46-60
326,C0326,Shaun,Mack,Other,33,2023-11-11,West,26-35
327,C0327,Stephanie,Brooks,Other,68,2023-11-11,South,60+
328,C0328,Brandy,Lewis,Male,37,2023-11-11,West,36-45
329,C0329,Melissa,Robles,Male,48,2023-11-11,West,46-60
330,C0330,Andrea,Sampson,Male,25,2022-07-02,South,19-25
331,C0331,Darryl,Woodard,Male,65,2025-05-02,West,60+
332,C0332,Steven,Gould,Female,48,2023-09-10,North,46-60
333,C0333,Laura,Morris,Female,55,2023-11-11,South,46-60
334,C0334,Karen,Williams,Male,44,2023-11-11,West,36-45
335,C0335,Joshua,Lester,Male,39,2023-11-11,North,36-45
336,C0336,Wesley,Riley,Male,58,2021-11-12,West,46-60
337,C0337,Kristen,Rich,Female,49,2025-07-02,East,46-60
338,C0338,James,James,Male,49,2021-05-11,West,46-60
339,C0339,Lori,Cruz,Female,50,2024-06-05,West,46-60
340,C0340,Kelly,Townsend,Male,63,2023-02-09,North,60+
341,C0341,Eric,Wilson,Other,19,2024-12-04,West,19-25
342,C0342,Kurt,Shannon,Other,38,2023-11-11,North,36-45
343,C0343,Maria,Berry,Female,59,2022-09-08,West,46-60
344,C0344,David,Ramirez,Female,25,2023-11-11,West,19-25
345,C0345,Isaac,Booth,Other,59,2023-02-09,East,46-60
346,C0346,Jessica,Bradley,Female,62,2024-07-02,West,60+
347,C0347,Rita,Porter,Male,44,2024-10-06,East,36-45
348,C0348,Jason,Higgins,Other,30,2024-03-04,West,26-35
349,C0349,Nicholas,Pruitt,Female,46,2023-11-11,South,46-60
350,C0350,Peter,Sutton,Other,32,2023-11-11,East,26-35
351,C0351,Ashley,Taylor,Other,63,2023-11-11,West,60+
352,C0352,Renee,Weaver,Male,36,2023-11-11,West,36-45
353,C0353,Alyssa,Ruiz,Female,61,2022-08-01,East,60+
354,C0354,Ariel,Hale,Female,69,2023-11-11,South,60+
355,C0355,Zachary,Woods,Other,31,2023-10-05,East,26-35
356,C0356,Ryan,Hernandez,Other,65,2023-11-11,North,60+
357,C0357,John,White,Other,48,2023-11-11,South,46-60
358,C0358,Karen,Jackson,Male,30,2023-03-06,South,26-35
359,C0359,Sierra,Dennis,Other,49,2023-11-11,North,46-60
360,C0360,Shannon,Campbell,Female,49,2023-11-11,East,46-60
361,C0361,Lisa,Howell,Male,31,2021-06-09,North,26-35
362,C0362,Traci,Nichols,Male,40,2023-04-02,East,36-45
363,C0363,Katherine,Walker,Female,61,2023-11-11,South,60+
364,C0364,Amy,Woods,Male,70,2023-11-11,North,60+
365,C0365,Zachary,Miller,Male,39,2023-11-11,West,36-45
366,C0366,Christopher,Guerrero,Male,57,2023-11-11,South,46-60
367,C0367,Jeffrey,Patterson,Male,53,2023-11-11,South,46-60
368,C0368,Natalie,Riley,Female,44,2023-11-11,East,36-45
369,C0369,Sean,Bryant,Female,67,2025-03-11,North,60+
370,C0370,Amber,Bentley,Other,35,2023-11-11,South,26-35
371,C0371,Angela,Davis,Other,50,2023-11-11,North,46-60
372,C0372,Madison,Smith,Other,21,2023-11-11,West,19-25
373,C0373,Melissa,Cole,Female,66,2021-10-10,North,60+
374,C0374,David,Nunez,Male,68,2024-07-07,North,60+
375,C0375,Leon,Bell,Other,20,2023-11-11,North,19-25
376,C0376,William,Jones,Male,58,2023-11-11,North,46-60
377,C0377,Cassandra,Sharp,Male,41,2023-11-11,South,36-45
378,C0378,Christopher,Flores,Other,36,2023-11-11,West,36-45
379,C0379,Jesse,Anderson,Other,44,2024-12-05,North,36-45
380,C0380,Donald,Vang,Male,59,2023-06-03,East,46-60
381,C0381,Stephanie,Scott,Female,70,2023-11-11,South,60+
382,C0382,Joshua,Johnson,Male,30,2023-11-11,West,26-35
383,C0383,Jonathan,Conley,Female,67,2023-11-11,North,60+
384,C0384,Heather,Bradley,Male,69,2025-03-01,West,60+
385,C0385,Terri,Simpson,Female,36,2023-11-11,South,36-45
386,C0386,Terry,Davis,Male,35,2024-12-03,East,26-35
387,C0387,Darren,Brown,Other,66,2024-09-09,West,60+
388,C0388,Matthew,Miller,Female,58,2023-11-11,South,46-60
389,C0389,Crystal,Burgess,Male,66,2023-11-11,West,60+
390,C0390,Rachel,Cordova,Male,26,2023-11-11,West,26-35
391,C0391,Doris,Brown,Female,44,2024-11-06,West,36-45
392,C0392,Christopher,Alvarez,Other,68,2023-11-10,East,60+
393,C0393,Brandon,Cooper,Male,46,2023-11-11,South,46-60
394,C0394,Sarah,Larson,Male,63,2022-02-01,North,60+
395,C0395,Theresa,Wang,Male,39,2023-11-11,East,36-45
396,C0396,Laura,Smith,Female,67,2025-10-03,South,60+
397,C0397,Raymond,Taylor,Female,21,2023-11-11,West,19-25
398,C0398,Paul,Pace,Male,60,2023-11-11,South,46-60
399,C0399,Christopher,Kennedy,Other,21,2021-06-12,East,19-25
400,C0400,Jeremy,Fuller,Female,43,2022-10-05,East,36-45
401,C0401,Lance,Ferguson,Other,65,2023-11-11,East,60+
402,C0402,Bianca,Hicks,Female,18,2025-07-10,East,0-18
403,C0403,Gary,Hall,Other,57,2023-11-11,South,46-60
404,C0404,Juan,Sanchez,Other,43,2023-11-11,West,36-45
405,C0405,Sarah,Sharp,Other,31,2025-07-04,West,26-35
406,C0406,Heather,Allen,Other,40,2023-06-11,West,36-45
407,C0407,Megan,Stevens,Male,37,2022-02-07,North,36-45
408,C0408,Kristin,Roman,Male,52,2025-04-12,East,46-60
409,C0409,Bryan,Brown,Female,64,2023-11-06,South,60+
410,C0410,Brandy,Morgan,Other,52,2021-11-04,East,46-60
411,C0411,Antonio,Luna,Male,23,2023-11-11,East,19-25
412,C0412,Erik,Chen,Other,39,2023-06-01,South,36-45
413,C0413,Eddie,Shea,Male,19,2022-03-01,East,19-25
414,C0414,Stacy,Anderson,Male,67,2023-11-11,East,60+
415,C0415,Kaitlyn,Daniels,Other,45,2025-01-05,North,36-45
416,C0416,Erin,Ortega,Other,21,2023-12-03,East,19-25
417,C0417,Donna,Adams,Female,58,2023-11-11,East,46-60
418,C0418,Jeffrey,Roberts,Male,21,2023-11-11,North,19-25
419,C0419,Tracy,Shelton,Female,37,2023-11-11,North,36-45
420,C0420,Daniel,Farmer,Female,39,2023-11-11,South,36-45
421,C0421,William,Patterson,Other,55,2023-06-08,South,46-60
422,C0422,Cathy,Horn,Female,37,2023-11-11,East,36-45
423,C0423,Robert,Hayes,Other,68,2025-07-04,South,60+
424,C0424,Christine,Mendoza,Other,42,2023-11-11,South,36-45
425,C0425,Laura,Mclean,Male,38,2023-11-11,South,36-45
426,C0426,Amy,Shaw,Female,47,2023-11-11,North,46-60
427,C0427,Jason,Foster,Male,63,2023-11-11,West,60+
428,C0428,Kristin,Brown,Female,23,2023-11-11,North,19-25
429,C0429,Tracy,Hall,Male,44,2022-02-06,South,36-45
430,C0430,Mandy,Rice,Female,31,2023-11-11,West,26-35
431,C0431,Walter,Duarte,Male,41,2023-11-11,West,36-45
432,C0432,Martha,Robles,Other,44,2023-11-11,West,36-45
433,C0433,James,George,Female,55,2025-10-04,West,46-60
434,C0434,Shane,Ryan,Other,45,2023-11-11,West,36-45
435,C0435,Samuel,Jones,Other,49,2023-11-11,West,46-60
436,C0436,Bradley,Hubbard,Male,27,2025-03-02,South,26-35
437,C0437,Karen,Johnson,Female,63,2023-03-08,West,60+
438,C0438,Amy,Barrett,Male,63,2022-11-08,North,60+
439,C0439,Jennifer,Mcdonald,Other,31,2022-07-07,West,26-35
440,C0440,Ann,Powers,Female,44,2024-04-02,South,36-45
441,C0441,Kimberly,Hughes,Other,41,2023-11-11,North,36-45
442,C0442,Donna,Romero,Other,44,2022-10-10,North,36-45
443,C0443,Cassandra,Thompson,Male,41,2023-11-11,East,36-45
444,C0444,Margaret,Price,Male,51,2023-11-11,South,46-60
445,C0445,John,Guerrero,Male,41,2023-11-11,East,36-45
446,C0446,Charles,Garcia,Female,37,2023-11-11,East,36-45
447,C0447,Anna,Roberts,Female,19,2023-11-11,South,19-25
448,C0448,Roy,Ramirez,Male,68,2023-11-11,West,60+
449,C0449,Jessica,White,Male,37,2023-11-11,East,36-45
450,C0450,Anthony,Montoya,Male,29,2023-11-11,West,26-35
451,C0451,David,Chandler,Male,25,2023-05-07,East,19-25
452,C0452,Jennifer,Mcdonald,Male,20,2023-11-11,West,19-25
453,C0453,Gary,Roberts,Female,44,2023-11-11,East,36-45
454,C0454,Gregory,Rivas,Other,46,2023-11-11,East,46-60
455,C0455,Jorge,Jackson,Female,48,2023-11-11,South,46-60
456,C0456,Anthony,Huff,Male,44,2024-12-04,West,36-45
457,C0457,Jimmy,Donaldson,Female,60,2024-03-03,West,46-60
458,C0458,Tonya,Meadows,Male,64,2023-11-11,East,60+
459,C0459,John,Wagner,Male,44,2023-11-11,West,36-45
460,C0460,Dennis,Ramirez,Female,32,2023-11-11,West,26-35
461,C0461,Janet,Sanchez,Female,52,2023-11-11,North,46-60
462,C0462,Kelly,Spencer,Other,46,2023-11-11,East,46-60
463,C0463,Alan,Osborn,Other,23,2023-11-11,South,19-25
464,C0464,Heather,Smith,Other,19,2024-10-08,East,19-25
465,C0465,Nicole,Garcia,Other,59,2023-11-11,North,46-60
466,C0466,Randy,Le,Other,53,2023-11-11,North,46-60
467,C0467,Timothy,Combs,Male,57,2022-02-05,North,46-60
468,C0468,Kimberly,Robertson,Other,51,2024-09-01,South,46-60
469,C0469,Mary,Dalton,Female,50,2025-03-07,North,46-60
470,C0470,Charles,Gonzalez,Male,60,2023-11-11,South,46-60
471,C0471,Deanna,Pitts,Male,35,2024-04-06,South,26-35
472,C0472,Justin,Howard,Male,63,2023-11-11,West,60+
473,C0473,Kathleen,Montoya,Male,69,2023-09-11,East,60+
474,C0474,Jennifer,Allen,Female,55,2025-10-01,North,46-60
475,C0475,Joshua,Johnson,Female,19,2023-11-11,East,19-25
476,C0476,John,Le,Female,29,2023-11-11,West,26-35
477,C0477,Mary,Martinez,Male,51,2023-11-11,East,46-60
478,C0478,James,Johnson,Female,34,2023-11-11,North,26-35
479,C0479,Mary,Farmer,Male,24,2023-11-11,South,19-25
480,C0480,Matthew,Moore,Female,27,2023-11-11,South,26-35
481,C0481,Keith,Hayes,Female,67,2023-11-11,North,60+
482,C0482,Jennifer,Ramsey,Male,37,2025-09-12,West,36-45
483,C0483,Alan,Webb,Other,28,2023-10-04,North,26-35
484,C0484,Deanna,Hall,Other,38,2023-11-11,South,36-45
485,C0485,David,Krause,Male,63,2023-11-11,North,60+
486,C0486,Joseph,Leon,Female,42,2024-04-10,North,36-45
487,C0487,Danny,Camacho,Female,27,2023-11-11,West,26-35
488,C0488,Brent,Dickson,Female,34,2025-06-12,West,26-35
489,C0489,Paula,Washington,Male,44,2021-02-09,South,36-45
490,C0490,Joseph,Wright,Male,66,2023-11-11,South,60+
491,C0491,Samuel,Conley,Female,50,2023-11-11,West,46-60
492,C0492,Scott,Parrish,Male,35,2023-11-11,North,26-35
493,C0493,Kimberly,Brown,Female,47,2023-11-11,West,46-60
494,C0494,Jessica,Cox,Male,48,2023-11-11,North,46-60
495,C0495,Victoria,Smith,Female,58,2023-11-11,South,46-60
496,C0496,Carrie,Ruiz,Male,35,2023-11-11,North,26-35
497,C0497,Holly,Deleon,Male,66,2025-04-08,South,60+
498,C0498,Alexis,Martinez,Female,54,2023-12-11,West,46-60
499,C0499,Kristina,Manning,Female,23,2022-09-04,South,19-25
500,C0500,Heather,Martinez,Male,41,2023-02-07,South,36-45
501,C0501,Sarah,Caldwell,Male,52,2021-10-09,West,46-60
502,C0502,Karina,Thompson,Other,46,2023-11-11,North,46-60
503,C0503,Pamela,Johnson,Male,70,2025-03-08,West,60+
504,C0504,Melanie,Monroe,Other,36,2023-11-11,South,36-45
505,C0505,Jonathan,Chung,Male,21,2023-11-11,West,19-25
506,C0506,Michael,Reese,Female,56,2023-11-11,East,46-60
507,C0507,Kyle,Beck,Other,42,2023-11-11,East,36-45
508,C0508,Joshua,Boyer,Other,31,2025-09-04,East,26-35
509,C0509,Dean,Taylor,Male,28,2023-11-11,North,26-35
510,C0510,Sergio,Garrett,Female,23,2023-11-11,West,19-25
511,C0511,Robert,Chung,Other,25,2023-11-11,South,19-25
512,C0512,Brian,Casey,Other,53,2022-08-03,East,46-60
513,C0513,Olivia,Jones,Female,31,2023-11-11,East,26-35
514,C0514,Joann,Gibson,Other,39,2023-11-11,East,36-45
515,C0515,Elizabeth,Alvarez,Other,46,2023-11-11,East,46-60
516,C0516,Nicholas,Kramer,Male,60,2023-11-11,East,46-60
517,C0517,Jonathan,Wilson,Female,31,2023-06-04,West,26-35
518,C0518,Nicholas,Fischer,Other,39,2023-11-11,North,36-45
519,C0519,Renee,Fletcher,Other,26,2023-11-11,North,26-35
520,C0520,Michael,Lee,Other,48,2023-11-11,North,46-60
521,C0521,Kyle,Smith,Male,61,2023-11-11,South,60+
522,C0522,Cathy,Turner,Female,53,2023-06-08,West,46-60
523,C0523,Jessica,Villanueva,Female,52,2025-10-10,North,46-60
524,C0524,Diana,Jones,Other,59,2021-05-07,North,46-60
525,C0525,Lee,Booker,Other,19,2023-11-11,West,19-25
526,C0526,Michael,Brown,Other,25,2022-09-08,East,19-25
527,C0527,Ian,Carter,Female,44,2025-05-10,East,36-45
528,C0528,Mary,Jacobson,Female,29,2021-09-12,North,26-35
529,C0529,Veronica,Brooks,Male,47,2024-03-03,East,46-60
530,C0530,Jasmine,Smith,Male,46,2025-12-03,North,46-60
531,C0531,Samantha,Peters,Male,65,2025-10-10,North,60+
532,C0532,Zachary,Bailey,Female,61,2023-11-11,East,60+
533,C0533,Tyler,Martinez,Male,23,2023-11-11,East,19-25
534,C0534,Shawn,Welch,Other,32,2023-11-11,South,26-35
535,C0535,Derrick,Lopez,Female,41,2023-11-11,North,36-45
536,C0536,Roy,Sanders,Female,49,2024-11-11,South,46-60
537,C0537,Daniel,Garrison,Male,30,2023-11-11,West,26-35
538,C0538,Christopher,Miller,Male,35,2023-01-01,West,26-35
539,C0539,Sherry,Williams,Male,53,2023-08-11,South,46-60
540,C0540,Jessica,Joseph,Other,65,2023-11-11,South,60+
541,C0541,Janice,Butler,Male,55,2023-11-11,South,46-60
542,C0542,Julie,Simon,Other,22,2023-11-11,South,19-25
543,C0543,Dylan,Russell,Female,54,2023-11-11,South,46-60
544,C0544,Adrian,Warner,Other,64,2023-11-11,East,60+
545,C0545,Stephen,Jones,Male,61,2023-02-03,North,60+
546,C0546,Paul,Thompson,Other,61,2023-11-11,East,60+
547,C0547,Jay,Johnson,Other,53,2023-11-11,West,46-60
548,C0548,Bryce,Simmons,Male,45,2021-09-06,North,36-45
549,C0549,Mark,Porter,Female,45,2024-04-11,West,36-45
550,C0550,Kelly,Chaney,Female,25,2023-11-11,West,19-25
551,C0551,Yvonne,Griffith,Female,41,2023-11-11,North,36-45
552,C0552,Tracy,Gonzalez,Other,32,2021-04-10,North,26-35
553,C0553,Laura,Rodriguez,Female,44,2023-11-11,West,36-45
554,C0554,Tiffany,Knapp,Female,18,2025-10-10,West,0-18
555,C0555,Tony,Sosa,Male,39,2023-11-11,North,36-45
556,C0556,Summer,Price,Other,69,2024-06-09,North,60+
557,C0557,Juan,Cantu,Other,32,2023-11-11,West,26-35
558,C0558,Lindsey,Gutierrez,Male,33,2025-11-08,South,26-35
559,C0559,Caroline,Castro,Male,39,2023-11-11,East,36-45
560,C0560,Anthony,Phillips,Male,58,2023-10-01,North,46-60
561,C0561,Alicia,Howe,Male,48,2022-08-01,West,46-60
562,C0562,John,Mckenzie,Male,55,2023-11-11,East,46-60
563,C0563,Amanda,Sampson,Female,33,2023-11-11,North,26-35
564,C0564,Jessica,Miller,Female,33,2023-11-11,East,26-35
565,C0565,Emily,Foster,Male,70,2025-08-09,East,60+
566,C0566,Johnny,Chapman,Other,68,2023-11-11,South,60+
567,C0567,Nicole,George,Male,67,2023-11-11,West,60+
568,C0568,Nathan,Garcia,Male,58,2024-06-07,West,46-60
569,C0569,Timothy,Schultz,Other,25,2023-11-11,North,19-25
570,C0570,Amy,Hess,Male,44,2023-11-11,West,36-45
571,C0571,Jessica,Ayers,Female,62,2023-11-11,North,60+
572,C0572,Abigail,Adams,Male,21,2023-11-11,West,19-25
573,C0573,Mary,Arnold,Male,37,2023-07-01,West,36-45
574,C0574,Anthony,Webb,Male,24,2023-11-11,North,19-25
575,C0575,Paul,Hall,Other,21,2025-10-02,East,19-25
576,C0576,Karen,Hernandez,Female,43,2023-11-11,North,36-45
577,C0577,Nancy,Buckley,Other,66,2023-11-11,West,60+
578,C0578,Nathan,Snyder,Male,56,2023-11-11,North,46-60
579,C0579,Dana,Ho,Female,42,2023-11-11,West,36-45
580,C0580,Luke,Arnold,Female,57,2023-11-11,North,46-60
581,C0581,Perry,Hebert,Female,59,2023-11-11,North,46-60
582,C0582,William,Walters,Female,51,2024-04-06,East,46-60
583,C0583,John,Santana,Other,30,2023-11-11,North,26-35
584,C0584,Timothy,Levine,Male,18,2023-11-11,North,0-18
585,C0585,Tony,Parker,Other,68,2023-11-11,South,60+
586,C0586,Brandon,Macdonald,Other,26,2023-11-11,East,26-35
587,C0587,Ryan,Mullen,Female,44,2022-07-01,West,36-45
588,C0588,David,Johnson,Other,44,2023-11-11,West,36-45
589,C0589,Jose,Peterson,Male,33,2023-11-11,South,26-35
590,C0590,Patricia,Garcia,Male,21,2023-11-11,South,19-25
591,C0591,Tina,Frank,Female,55,2021-11-04,West,46-60
592,C0592,Austin,Adams,Other,59,2023-11-11,East,46-60
593,C0593,Andrew,Cook,Female,55,2023-11-11,South,46-60
594,C0594,Ryan,Castro,Male,44,2023-11-11,East,36-45
595,C0595,Joshua,Shah,Other,39,2023-11-11,East,36-45
596,C0596,David,Carr,Female,18,2023-11-11,South,0-18
597,C0597,Ariel,Sanchez,Male,33,2023-11-11,North,26-35
598,C0598,Morgan,Wagner,Female,40,2024-11-04,South,36-45
599,C0599,Daniel,Estes,Male,58,2023-11-11,South,46-60
600,C0600,Timothy,Cunningham,Male,39,2023-11-11,South,36-45
601,C0601,Melissa,Jefferson,Other,48,2021-02-07,West,46-60
602,C0602,Julie,Rodriguez,Other,62,2023-11-11,East,60+
603,C0603,Michelle,Simpson,Other,54,2021-07-08,East,46-60
604,C0604,Juan,Allison,Other,37,2023-11-11,West,36-45
605,C0605,James,Mason,Female,28,2023-11-11,North,26-35
606,C0606,Paul,Dawson,Female,68,2023-11-11,North,60+
607,C0607,Patrick,Fox,Female,32,2025-04-04,North,26-35
608,C0608,Timothy,Page,Other,44,2023-11-11,South,36-45
609,C0609,David,Sanford,Female,57,2023-11-11,South,46-60
610,C0610,Evelyn,Campbell,Male,48,2025-01-04,East,46-60
611,C0611,Daniel,Nelson,Other,44,2023-11-11,South,36-45
612,C0612,Alexandra,Bennett,Female,29,2023-11-11,North,26-35
613,C0613,Rachael,Curtis,Female,18,2023-11-11,North,0-18
614,C0614,Heather,Barrera,Female,19,2023-11-11,North,19-25
615,C0615,Nicole,Simmons,Male,36,2023-11-11,West,36-45
616,C0616,Linda,Hamilton,Male,58,2023-11-11,East,46-60
617,C0617,Bradley,Cox,Male,19,2023-03-10,South,19-25
618,C0618,Jade,Blackwell,Male,36,2023-11-11,South,36-45
619,C0619,Wendy,Campbell,Male,44,2024-06-11,South,36-45
620,C0620,Keith,Moore,Female,53,2023-11-11,South,46-60
621,C0621,Anita,Richardson,Male,30,2023-11-11,North,26-35
622,C0622,Dylan,Rangel,Male,34,2023-11-11,North,26-35
623,C0623,Norma,Lopez,Male,61,2024-04-09,South,60+
624,C0624,Alexandra,Hutchinson,Female,59,2023-11-11,North,46-60
625,C0625,Scott,Thomas,Female,31,2023-11-11,East,26-35
626,C0626,Samuel,Turner,Female,44,2023-11-11,East,36-45
627,C0627,John,Hamilton,Female,60,2023-11-11,South,46-60
628,C0628,Michael,Morrison,Other,69,2025-09-11,West,60+
629,C0629,Natasha,Anderson,Other,22,2023-11-11,North,19-25
630,C0630,James,Fischer,Male,26,2023-11-11,South,26-35
631,C0631,Kimberly,Woods,Male,52,2023-11-11,West,46-60
632,C0632,Lisa,Larsen,Other,41,2023-05-01,East,36-45
633,C0633,Sherry,Gilbert,Other,45,2023-11-11,South,36-45
634,C0634,Denise,Chandler,Male,66,2025-05-03,South,60+
635,C0635,Dylan,Mitchell,Other,36,2023-11-11,South,36-45
636,C0636,Richard,Watson,Female,33,2023-11-11,North,26-35
637,C0637,Janet,Underwood,Other,68,2023-11-11,East,60+
638,C0638,Sean,Sanchez,Male,50,2023-11-11,West,46-60
639,C0639,Jasmine,George,Male,64,2024-10-01,North,60+
640,C0640,Melissa,Brown,Female,68,2023-11-11,North,60+
641,C0641,Danielle,Mack,Male,50,2022-05-05,West,46-60
642,C0642,Heather,Ballard,Other,66,2024-10-08,East,60+
643,C0643,Regina,Brown,Female,51,2023-11-11,West,46-60
644,C0644,Joshua,Walters,Male,38,2023-11-11,East,36-45
645,C0645,Kaitlyn,Williams,Other,44,2022-11-07,West,36-45
646,C0646,James,Morrow,Other,49,2023-04-03,West,46-60
647,C0647,Jacqueline,Garcia,Female,55,2023-11-11,West,46-60
648,C0648,Richard,Mosley,Other,68,2025-07-08,North,60+
649,C0649,Nathan,Avila,Male,32,2024-09-07,South,26-35
650,C0650,Sandra,Martinez,Female,33,2023-11-11,West,26-35
651,C0651,Kevin,Kim,Male,37,2025-01-04,West,36-45
652,C0652,Misty,Oneal,Female,54,2025-05-09,South,46-60
653,C0653,Erik,Williams,Female,34,2023-11-11,North,26-35
654,C0654,Michael,Jefferson,Male,66,2024-02-04,North,60+
655,C0655,David,Phillips,Female,44,2023-11-11,East,36-45
656,C0656,Hannah,Frazier,Male,55,2023-11-11,North,46-60
657,C0657,Richard,Martinez,Female,50,2023-11-11,East,46-60
658,C0658,Greg,Gonzalez,Female,46,2023-02-07,West,46-60
659,C0659,Johnny,Nunez,Female,44,2023-11-11,East,36-45
660,C0660,William,Miller,Female,38,2023-11-11,East,36-45
661,C0661,Kristin,Powell,Female,19,2022-04-10,South,19-25
662,C0662,Jennifer,Reyes,Female,32,2025-05-04,East,26-35
663,C0663,Isaac,Watkins,Other,22,2023-11-11,East,19-25
664,C0664,John,Sandoval,Male,36,2023-11-11,North,36-45
665,C0665,Luke,Santos,Female,32,2023-11-11,North,26-35
666,C0666,Nicole,Reynolds,Male,22,2025-08-03,East,19-25
667,C0667,Mary,White,Male,52,2023-11-11,South,46-60
668,C0668,Jonathan,Marshall,Female,30,2023-11-11,East,26-35
669,C0669,Kyle,Reilly,Female,37,2023-11-11,East,36-45
670,C0670,Bryan,Turner,Male,63,2023-11-11,South,60+
671,C0671,Andrew,Davis,Other,65,2024-10-05,East,60+
672,C0672,Matthew,Good,Male,67,2021-05-06,East,60+
673,C0673,Timothy,Moreno,Female,70,2023-11-11,East,60+
674,C0674,Juan,Allen,Female,43,2023-11-11,North,36-45
675,C0675,Jamie,Le,Female,59,2023-11-11,South,46-60
676,C0676,Laura,Lewis,Female,32,2023-11-11,South,26-35
677,C0677,Ashley,Johnson,Other,65,2023-11-11,South,60+
678,C0678,Audrey,Benson,Female,32,2024-09-07,West,26-35
679,C0679,Deanna,Kent,Other,70,2023-04-12,West,60+
680,C0680,Daniel,Calderon,Female,68,2024-10-12,North,60+
681,C0681,Shannon,Henry,Female,30,2023-11-11,West,26-35
682,C0682,Ashley,Black,Other,44,2025-08-05,South,36-45
683,C0683,Katherine,Saunders,Female,46,2023-11-11,North,46-60
684,C0684,Diana,Mccormick,Female,26,2023-11-11,South,26-35
685,C0685,Erika,Brown,Female,65,2023-11-11,North,60+
686,C0686,Melissa,Cox,Female,69,2024-01-01,East,60+
687,C0687,Mark,Chavez,Female,32,2023-11-11,West,26-35
688,C0688,Melinda,Stewart,Female,61,2023-11-11,West,60+
689,C0689,Courtney,Cook,Other,52,2021-04-11,East,46-60
690,C0690,Justin,Chang,Female,55,2023-11-11,North,46-60
691,C0691,Matthew,Norman,Other,68,2023-11-11,North,60+
692,C0692,Margaret,Rodriguez,Male,27,2023-11-11,East,26-35
693,C0693,Daniel,Hudson,Other,58,2023-11-11,West,46-60
694,C0694,Lorraine,Smith,Female,31,2024-05-06,West,26-35
695,C0695,Amy,Johnson,Male,52,2025-05-01,West,46-60
696,C0696,Stephen,Ross,Male,48,2023-11-11,North,46-60
697,C0697,Gregory,Harris,Female,54,2023-11-11,West,46-60
698,C0698,Charles,Gordon,Other,37,2025-09-09,North,36-45
699,C0699,Sydney,Smith,Male,24,2023-11-11,South,19-25
700,C0700,Anthony,Reed,Male,70,2024-09-01,West,60+
701,C0701,Jason,Mcneil,Male,29,2023-11-11,South,26-35
702,C0702,Nicholas,Williams,Male,42,2023-11-11,East,36-45
703,C0703,John,Buck,Male,32,2023-11-11,East,26-35
704,C0704,David,Avery,Other,51,2023-11-11,North,46-60
705,C0705,Felicia,Guerrero,Female,21,2023-11-11,East,19-25
706,C0706,Madeline,Rodriguez,Other,44,2023-03-08,South,36-45
707,C0707,Sheila,Vaughn,Female,44,2023-11-11,West,36-45
708,C0708,Juan,Gross,Male,25,2023-11-11,South,19-25
709,C0709,Kevin,Brown,Other,44,2023-11-11,West,36-45
710,C0710,David,Harris,Other,22,2023-11-11,West,19-25
711,C0711,Alice,Ross,Male,26,2023-11-11,South,26-35
712,C0712,Allison,Combs,Female,45,2024-08-08,West,36-45
713,C0713,Vicki,Duncan,Male,56,2022-11-08,East,46-60
714,C0714,Patricia,Harvey,Other,30,2023-11-11,West,26-35
715,C0715,John,Phillips,Female,30,2022-03-08,North,26-35
716,C0716,David,Brown,Male,46,2021-05-07,North,46-60
717,C0717,Deborah,Castillo,Female,56,2023-11-11,South,46-60
718,C0718,Joseph,Williams,Other,39,2023-11-11,West,36-45
719,C0719,Michael,Kelly,Female,47,2023-11-11,North,46-60
720,C0720,Megan,Sims,Other,23,2023-09-08,East,19-25
721,C0721,Elaine,Young,Other,47,2023-12-04,East,46-60
722,C0722,Olivia,Nelson,Other,63,2023-11-11,East,60+
723,C0723,Mark,Franklin,Female,57,2023-11-11,South,46-60
724,C0724,Robert,Davis,Female,33,2025-02-03,South,26-35
725,C0725,Eric,Moore,Other,64,2024-06-03,West,60+
726,C0726,Mark,Bond,Female,42,2023-11-11,South,36-45
727,C0727,Justin,Morris,Other,54,2023-11-11,North,46-60
728,C0728,Bradley,Gordon,Female,62,2023-11-11,North,60+
729,C0729,Christopher,Morales,Male,28,2023-11-11,East,26-35
730,C0730,Gina,Wagner,Other,52,2022-01-03,East,46-60
731,C0731,Erin,Johnson,Other,22,2022-12-07,South,19-25
732,C0732,Kimberly,Harrell,Female,44,2024-02-12,North,36-45
733,C0733,Jessica,Nelson,Female,22,2023-11-11,North,19-25
734,C0734,Michelle,Lindsey,Other,67,2023-11-11,East,60+
735,C0735,Kelly,Nelson,Female,46,2023-11-11,South,46-60
736,C0736,Matthew,Carr,Female,31,2022-03-03,North,26-35
737,C0737,Robert,Bennett,Female,19,2023-11-11,North,19-25
738,C0738,Danny,Salas,Other,62,2023-11-11,West,60+
739,C0739,Mariah,Mercer,Female,39,2023-11-11,West,36-45
740,C0740,John,Bush,Male,43,2023-11-11,North,36-45
741,C0741,Laura,Warren,Male,34,2023-11-11,North,26-35
742,C0742,Steven,Mata,Other,26,2022-12-06,East,26-35
743,C0743,Andrew,Rivera,Other,65,2023-07-02,West,60+
744,C0744,Sara,Collins,Female,47,2025-07-04,North,46-60
745,C0745,Julie,Garcia,Male,53,2023-11-11,South,46-60
746,C0746,Tonya,Wilson,Other,46,2025-04-06,South,46-60
747,C0747,Richard,Harrison,Female,70,2023-11-11,East,60+
748,C0748,Michelle,Johns,Male,28,2023-11-11,North,26-35
749,C0749,Cory,Wise,Other,24,2023-11-11,South,19-25
750,C0750,Kyle,Montgomery,Female,25,2023-11-11,West,19-25
751,C0751,Sydney,Koch,Male,22,2023-11-11,North,19-25
752,C0752,Lacey,Luna,Other,35,2025-06-07,South,26-35
753,C0753,Kirsten,Allen,Female,40,2023-05-10,South,36-45
754,C0754,Steven,Jordan,Male,63,2023-11-11,North,60+
755,C0755,Jonathan,Miller,Other,52,2023-11-11,South,46-60
756,C0756,William,Roach,Female,62,2022-10-03,North,60+
757,C0757,Leah,Hill,Other,69,2022-09-08,North,60+
758,C0758,Barbara,Hernandez,Female,62,2025-07-09,East,60+
759,C0759,Amanda,Johnson,Female,21,2023-11-11,North,19-25
760,C0760,Dana,Brown,Male,67,2023-11-11,West,60+
761,C0761,Melissa,Fitzgerald,Male,33,2024-03-09,East,26-35
762,C0762,Antonio,Jackson,Male,30,2023-11-11,North,26-35
763,C0763,Rachel,Little,Male,44,2023-11-11,North,36-45
764,C0764,David,Kelley,Male,39,2023-11-11,South,36-45
765,C0765,Angela,Garcia,Other,60,2023-11-11,North,46-60
766,C0766,Seth,Edwards,Male,44,2023-11-11,South,36-45
767,C0767,Daniel,Gregory,Other,28,2023-11-11,North,26-35
768,C0768,Gail,Rosales,Female,50,2025-02-07,North,46-60
769,C0769,Renee,Tucker,Female,38,2023-11-11,South,36-45
770,C0770,Emily,Johnson,Other,31,2023-11-11,West,26-35
771,C0771,Charlene,Benson,Female,25,2023-11-11,South,19-25
772,C0772,Kenneth,Stuart,Male,24,2023-11-11,East,19-25
773,C0773,Rhonda,Kline,Female,29,2023-11-11,North,26-35
774,C0774,Vanessa,Martin,Female,59,2023-11-11,East,46-60
775,C0775,Cynthia,Hart,Male,42,2023-11-11,South,36-45
776,C0776,Katherine,Lane,Female,32,2022-07-06,North,26-35
777,C0777,Anna,Hammond,Other,70,2023-11-11,East,60+
778,C0778,Taylor,Hudson,Other,57,2024-05-03,East,46-60
779,C0779,Joshua,Meyer,Male,22,2023-11-11,South,19-25
780,C0780,Breanna,Schroeder,Female,37,2024-08-10,West,36-45
781,C0781,Latasha,Morales,Male,63,2021-11-11,South,60+
782,C0782,Joseph,Logan,Female,24,2023-11-11,East,19-25
783,C0783,Alyssa,Wright,Other,62,2023-11-11,West,60+
784,C0784,Angela,Johnson,Other,67,2021-12-12,South,60+
785,C0785,Lisa,Richmond,Female,29,2021-11-10,East,26-35
786,C0786,Patricia,Mccarty,Other,48,2023-11-11,North,46-60
787,C0787,Alicia,Jimenez,Female,19,2024-07-06,West,19-25
788,C0788,Timothy,Scott,Female,50,2024-12-04,South,46-60
789,C0789,Tonya,Sandoval,Other,55,2023-11-11,North,46-60
790,C0790,Julie,Pugh,Male,19,2023-11-11,North,19-25
791,C0791,Brittany,Murray,Female,33,2024-01-11,West,26-35
792,C0792,Daniel,Haney,Male,57,2023-11-11,North,46-60
793,C0793,Charles,Lee,Male,26,2023-11-11,East,26-35
794,C0794,Brent,Brown,Female,36,2023-11-11,South,36-45
795,C0795,Emily,Smith,Male,42,2025-03-04,South,36-45
796,C0796,Jonathan,Gardner,Other,20,2024-08-03,South,19-25
797,C0797,Jordan,Smith,Other,56,2023-11-11,West,46-60
798,C0798,Rachel,Porter,Other,39,2021-12-08,South,36-45
799,C0799,Jeffrey,Myers,Female,44,2025-12-06,North,36-45
